17,38,59,246,28,1,-109,-8,992,-102,0,985,-100,-15,988,-106,-8,995,-108,-13,991,-103,-12,995,-109,-13,983,-110,-24,996,-114,-20,984,-111,-12,1004,-108,-3,999,-112,-9,991,-96,-13,1003,-116,-14,996,-106,-21,990,-110,-15,991,-107,-3,994,-98,-17,986,-105,-11,1000,-110,-9,992,-113,-22,988,-108,-13,1003,-110,-14,981,-104,-14,996,-102,-1,994,-104,-23,988,-104,-14,989,-108,-14,990,-105,-10,985,-107,-10,1000,0,-48
17,39,3,246,28,1,-118,-4,989,-107,-30,1000,-108,-8,995,-102,-18,991,-108,-16,988,-112,-19,983,-104,-14,993,-113,-16,985,-112,-16,991,-106,-11,998,-104,-11,983,-111,-20,995,-111,-8,995,-114,-18,1000,-104,-19,1001,-100,-1,990,-113,-8,1002,-106,-12,992,-108,-24,997,-124,-7,1000,-111,-6,996,-114,-23,997,-110,-17,994,-119,-6,994,-97,-12,986,-98,-14,992,-108,-16,998,-113,-7,992,-109,-20,992,-113,-12,981,3,-49
17,39,6,246,28,1,-105,-15,995,-110,-29,998,-98,-8,1003,-105,-15,983,-109,-17,991,-104,-7,994,-109,-18,1002,-107,-14,1006,-98,-15,989,-107,-2,994,-108,-6,989,-107,-24,1000,-110,-10,993,-109,-23,989,-118,-19,991,-101,-6,984,-110,-4,1000,-108,-7,987,-108,-7,998,-110,-20,988,-103,-7,988,-97,-10,997,-115,-15,995,-103,-10,980,-109,-15,996,-108,-11,997,-106,-17,996,-111,-16,995,-112,-13,988,-92,-18,1007,6,-53
17,39,9,246,28,1,-103,-4,1001,-106,-11,1004,-110,-13,1001,-96,-7,992,-104,-11,994,-114,-21,987,-112,-16,994,-98,-16,990,-107,-20,1000,-99,-11,980,-109,-10,1003,-109,-8,985,-98,-9,992,-100,-9,996,-113,-14,998,-111,-19,998,-112,-20,984,-113,-13,986,-109,-27,996,-107,-16,992,-110,-11,987,-106,-1,980,-95,-6,991,-105,-6,987,-108,-17,998,-112,-12,990,-107,-12,996,-112,0,986,-111,-13,997,-110,-6,1001,9,-48
17,39,12,246,28,1,-117,-6,988,-112,-20,994,-103,-13,1004,-104,-13,1007,-113,-12,994,-104,-10,990,-107,0,991,-105,-7,980,-105,-13,991,-109,-9,986,-107,-10,997,-105,-2,1003,-109,-14,999,-99,-14,998,-98,-4,989,-120,-17,988,-103,-19,988,-100,-9,1005,-107,-17,990,-98,-9,993,-107,-11,993,-117,-10,1000,-110,-1,994,-113,-16,987,-108,-10,990,-103,-7,992,-112,-10,982,-106,-20,1001,-107,-1,997,-106,-14,992,12,-49
17,39,15,246,28,1,-109,-21,986,-94,-3,999,-104,-38,987,-107,-23,1000,-121,-18,981,-104,-15,988,-105,-16,997,-113,-9,999,-106,-2,981,-97,-9,1002,-114,-13,979,-111,-12,992,-118,-29,998,-109,-9,1006,-116,-25,996,-111,-24,993,-96,-18,992,-100,-15,992,-110,-12,988,-112,-6,1002,-112,-3,1009,-108,-3,992,-107,-17,991,-108,-21,986,-98,-7,983,-104,-8,988,-110,-10,996,-116,-14,999,-108,-13,994,-103,-20,1001,15,-51
17,39,18,246,28,1,-120,-15,984,-111,-12,990,-115,-20,988,-112,-19,989,-104,-8,982,-106,-4,994,-106,-13,994,-104,-11,999,-109,-15,997,-113,-31,985,-101,-12,1006,-117,-11,987,-99,-18,989,-109,-10,989,-107,-7,995,-111,-15,1001,-107,-5,989,-111,-22,985,-111,-9,994,-109,-15,987,-109,-7,976,-107,-14,986,-100,-13,999,-106,-13,1009,-108,-19,987,-110,-22,994,-110,-14,997,-104,-7,996,-97,-26,1002,-104,-2,996,18,-49
17,39,21,248,28,1,-108,-19,989,-79,-28,1015,-99,-18,992,-108,-26,997,-107,-8,1002,-104,-16,1005,-106,-11,998,-105,0,984,-105,0,990,-81,-19,986,-94,-13,991,-103,-1,1004,-105,-23,996,-96,-10,988,-108,-15,984,-111,-21,974,-104,-27,996,-109,-14,981,-118,-25,982,-100,-5,985,-110,-13,990,0,0,0,-107,-23,985,-120,-26,1009,-115,-31,990,-104,-9,984,-99,-20,1001,-106,-23,992,-106,-15,988,-124,-8,991,21,-52
17,39,24,248,28,1,-110,-12,1000,-109,-13,999,-115,-3,995,-104,-14,987,-122,3,984,-116,-9,996,-112,-10,992,-103,-23,993,-113,-18,1005,-110,-8,1000,-95,-13,1003,-96,-19,987,-97,-7,989,-98,-16,996,-105,-17,979,-97,-12,988,-112,-16,992,-106,-10,985,-120,-24,986,-101,-8,996,-107,-16,1001,-109,-18,998,-104,-13,1001,-110,-11,994,-104,-18,996,-107,-21,996,-102,-5,991,-108,-15,1004,-102,-20,995,-101,-8,990,25,-48
17,39,27,248,28,1,-106,-3,986,-96,-4,987,-109,-8,992,-108,-4,996,-93,-20,1001,-107,-14,986,-100,-7,1002,-114,-14,990,-115,-10,995,-105,-10,989,-104,-12,997,-104,-9,1000,-96,-17,1011,-109,-17,992,-109,-10,999,-92,-18,1000,-117,-10,996,-99,-19,1005,-125,-10,1003,-114,-11,993,-104,-5,999,-116,-8,994,-102,-16,993,-102,-6,992,-110,-10,994,-109,-17,998,-116,-20,999,-116,-15,1011,-111,-20,995,-106,-11,987,28,-50
17,39,30,248,28,1,-108,-26,992,-103,-8,993,-103,0,996,-106,-11,993,-108,-10,1002,-102,-9,995,-108,-3,998,-97,-16,1003,-107,-14,997,-101,-12,979,-112,-15,997,-97,-2,996,-104,-5,983,-83,-19,1000,-108,-15,995,-112,-13,994,-104,-1,1000,-105,4,983,-100,-18,988,-114,-16,992,-94,-20,1001,-110,-2,987,-98,-11,997,-113,-15,989,-113,-20,986,-105,0,982,-102,-23,995,-103,-13,993,-114,-14,986,-111,-6,998,31,-48
17,39,34,248,28,1,-102,-17,1000,-109,-11,996,-93,-18,996,-97,-12,994,-100,-16,994,-113,-16,1002,-113,-3,982,-109,-32,991,-101,-20,993,-108,-12,986,-104,-12,1000,-108,-1,994,-102,-8,995,-108,-8,989,-108,-8,996,-96,-7,992,-106,-8,979,-104,-16,999,-110,-10,994,-107,-9,993,-104,-21,985,-106,-19,993,-107,-10,999,-105,-3,993,-104,-9,982,-102,-16,988,-113,-18,989,-104,-15,999,-111,-8,989,-106,-3,993,34,-53
17,39,43,248,28,1,-106,-16,1002,-106,-22,983,-108,-10,979,-101,-19,1000,-116,-5,979,-111,-12,991,-112,-14,997,-106,-26,1006,-111,-8,1000,-98,-8,995,-104,-15,994,-103,-22,1003,-100,-16,986,-123,-12,985,-110,-4,990,-103,0,1002,-111,-11,1000,-113,-23,998,-109,-16,993,-115,-9,989,-116,-4,989,-104,-22,1003,-105,-22,991,-104,-19,999,-114,-13,1002,-118,-13,994,-110,-15,1000,-106,-16,986,-110,-17,1000,-104,0,984,0,-48
17,39,46,248,28,1,-110,-20,989,-116,-11,987,-107,-14,1000,-95,-6,990,-114,-21,991,-113,-6,983,-110,-17,988,-110,-11,994,-106,-13,992,-117,-12,985,-114,-16,1001,-114,-11,994,-95,-7,993,-96,-21,996,-116,-26,987,-117,-15,1004,-106,-2,999,-109,-5,989,-100,-25,993,-117,-18,998,-90,-11,1001,-100,-17,987,-107,-13,997,-105,-11,991,-105,-30,991,-109,-14,1001,-111,-27,993,-117,-10,996,-104,-8,1000,-114,-13,998,3,-48
17,39,49,248,28,1,-102,-5,998,-105,-15,1003,-108,-8,991,-97,-16,996,-106,-15,988,-105,-18,994,-109,-18,998,-105,-19,983,-104,-4,994,-112,-13,995,-95,-15,987,-107,-28,990,-109,-12,995,-104,-28,991,-100,-12,993,-99,-5,1001,-110,-14,1004,-105,-2,991,-106,-14,1000,-114,-20,998,-101,-16,998,-104,1,984,-96,-20,995,-96,-23,994,-107,-14,1000,-104,-9,984,-106,-17,988,-114,-9,1001,-93,-13,1010,-99,-2,1001,6,-52
17,39,52,247,28,1,-121,-19,984,-117,-10,994,-105,-20,991,-105,-8,980,-117,-9,993,-111,-10,991,-114,-13,993,-94,-21,989,-109,-20,996,-104,-19,994,-106,-27,993,0,0,0,-118,-7,989,-118,0,997,-116,-12,990,-110,-13,1001,-110,-8,1004,-100,-10,995,-108,-12,994,-102,-6,991,-104,-26,986,-100,-2,1008,-99,-12,995,-99,-14,1000,-109,-12,999,-102,-26,992,-108,-20,999,-99,-21,992,-113,-11,994,-116,-16,997,9,-49
17,39,55,247,28,1,-108,-12,988,-115,-13,995,-106,-17,996,-116,-22,1000,-108,-12,997,-102,-11,995,-99,-21,1000,-107,-21,989,-104,-16,980,-105,-7,992,-104,-5,992,-105,-6,978,-105,-9,986,-100,-9,1002,-113,-14,1006,-101,-9,985,-111,-17,1003,-104,-8,992,-113,-8,997,-106,-20,990,-119,-9,986,-108,-2,987,-101,-11,993,-102,-15,1002,-120,-29,993,-117,-15,994,-111,-17,992,-114,-13,994,-103,-5,995,-102,-5,980,13,-52
17,39,58,247,28,1,-106,-4,988,-108,-16,996,-105,-19,982,-111,-7,992,-123,-7,1000,-113,-26,988,-99,-8,991,-101,-7,997,-113,-15,1006,-113,-19,987,-103,-13,992,-108,-15,985,-112,-12,987,-112,-13,994,-118,-14,989,-99,-12,988,-113,-19,987,-101,-13,993,-111,-15,990,-99,-3,989,-112,-12,985,-110,-10,991,-105,-18,992,-122,-20,992,-106,0,990,-111,-11,990,-103,-7,996,-96,-18,993,-108,-11,997,-102,-4,995,16,-48
17,40,1,247,28,1,-106,-21,1000,-96,-20,995,-103,-10,997,-108,-10,994,-107,-11,986,-114,-17,990,-109,-10,998,-105,-6,1000,-121,-7,992,-109,-5,990,-110,-12,991,-113,-6,997,-105,-5,984,-103,-23,998,-105,-17,995,-111,-14,981,-107,-22,983,-98,-16,1000,-106,-17,1005,-112,-21,997,-108,-39,987,-116,-15,998,-104,-18,991,-98,-10,984,-115,-6,993,-110,-8,990,-105,-18,996,-106,-13,988,-98,-8,991,-106,-19,984,19,-47
17,40,5,247,28,1,-114,-8,1000,-107,-27,992,-105,-12,990,-117,-7,991,-103,-16,989,-110,-11,994,-98,-15,986,-114,-18,986,-112,-7,995,-110,-22,997,-100,-14,986,-114,-1,1001,-120,-22,983,-97,-6,992,-106,-17,999,-85,-20,999,-112,-3,987,-110,-20,1002,-114,-7,994,-103,-6,997,-114,-20,998,-106,-7,994,-101,-19,1000,-112,-19,1001,-109,-24,981,-102,-12,979,-116,-1,992,-104,-3,1012,-105,-11,983,-92,-18,999,22,-49
17,40,8,247,28,1,-83,-21,976,-102,-16,1010,-106,-14,993,-102,-12,997,-76,-21,1014,-121,-4,987,-101,-3,998,-100,-16,997,-101,-20,993,-112,-23,1004,-112,-17,1003,-110,-29,988,-102,-8,984,-102,-15,999,-88,0,989,-106,-13,1000,-119,-18,982,-125,-14,1005,-112,-14,982,-103,-9,992,-110,-20,988,-110,-14,1011,-99,-2,992,-108,-9,991,-106,-12,1007,-113,-3,995,-84,-15,993,-117,-15,988,-110,-12,987,-100,-12,987,25,-50
17,40,11,247,28,1,-105,-14,985,-101,-8,1002,-114,-16,1004,-113,-19,985,-100,-30,979,-114,-2,986,-112,-18,999,-104,-9,979,-106,-3,1002,-95,-1,996,-107,-19,989,-118,-8,1000,-101,-8,1002,-106,-17,993,-110,-11,997,-84,-18,1010,-109,-10,991,-103,-8,999,-111,-14,1002,-105,-10,995,-108,-17,994,-118,-17,1000,-104,-13,996,-101,-16,996,-108,-8,993,-102,-14,993,-93,-15,999,-111,-23,996,-112,-20,987,-111,-5,994,28,-50
17,40,14,247,28,1,-117,-14,985,-110,-9,993,-112,-20,995,-104,-11,994,-112,-8,999,-95,-12,987,-121,-6,1000,-116,-12,983,-95,-22,1004,-109,-14,985,-102,-18,999,-104,-16,996,-98,-5,993,-104,-3,997,-113,-16,997,-101,-22,992,-110,-8,981,-87,-15,993,-113,-17,1000,-108,-14,987,-108,-18,991,-104,-6,988,-105,-10,998,-104,-14,989,-100,-7,987,-104,-29,983,-103,-19,981,-97,0,989,-104,-21,995,-107,-14,982,31,-48
17,40,17,247,28,1,-105,-4,991,-102,1,997,-106,-22,986,-111,-1,1006,-98,-16,998,-113,-7,1001,-113,-18,990,-117,-16,985,-103,-12,999,-109,-12,998,-109,-20,998,-111,-8,991,-113,-16,994,-101,-10,995,-101,-12,983,-111,-6,993,-109,-18,997,-105,-7,1003,-100,-22,989,-115,-18,986,-106,-18,1002,-112,-21,991,-111,-4,994,-108,-20,994,-112,-9,985,-117,-11,990,-113,-18,987,-103,-9,987,-105,-20,995,-106,-26,979,34,-48
17,40,20,247,28,1,-109,-5,993,-100,-12,999,-106,-25,989,-125,-17,995,-100,-15,984,-101,-11,986,-98,-27,987,-106,-15,997,-116,-3,985,-113,-8,993,-106,-19,995,-115,-3,992,-114,-27,1003,-104,-2,994,-114,-11,992,-116,-20,992,-110,-10,987,-107,-30,1005,-110,-8,992,-105,-12,989,-98,-16,990,-104,0,999,-107,-21,993,-115,-12,1000,-109,-19,986,-109,-18,998,-102,-3,989,-104,-2,990,-111,-10,992,-98,-10,990,37,-52
17,40,23,247,28,1,-104,-18,984,0,0,0,-109,-11,986,-117,-19,994,-95,-14,992,-103,-16,994,-104,-16,1000,-110,-7,1004,-103,-10,1003,-122,-11,996,-99,-18,995,-106,-15,998,-100,-14,994,-110,-28,1001,-109,-20,1000,-99,-19,998,-102,-20,1000,-107,-9,995,-111,-17,996,-104,-30,1006,-112,-10,996,-112,-6,995,-105,-17,992,-99,-20,992,-95,-13,983,-104,-17,987,-97,-14,1005,-114,-20,998,-106,-14,986,-98,-18,1005,40,-52
17,40,26,247,28,1,-120,-7,995,-113,-11,993,-94,-21,1002,-115,-19,1005,-105,-20,1001,-104,-9,987,-106,-8,988,-103,-1,993,-116,-10,980,-95,-28,988,-109,-14,996,-106,-11,996,-104,-13,1008,-101,-16,989,-108,-11,986,-104,-27,986,-101,-17,1005,-106,-8,985,-91,-18,985,-99,-19,989,-96,-10,981,-111,-13,996,-106,-3,998,-109,0,1000,-112,-5,996,-107,-27,976,-100,-15,989,-108,-12,976,-112,-17,983,-97,-19,993,44,-52
17,40,29,247,28,1,-110,-7,991,-109,-12,985,-104,-9,999,-102,-16,991,-111,-15,984,-107,-7,1003,-110,-26,1005,-104,-24,993,-108,-4,996,-107,-28,988,-99,-23,986,-105,-19,990,-104,-18,987,-116,-27,1001,-92,-20,997,-127,-8,996,-106,-11,980,-110,-12,981,-104,-5,987,-106,-24,993,-105,-26,1007,-104,-25,989,-109,-8,996,-108,-15,993,-104,0,996,-101,-4,990,-102,-24,997,-111,-22,986,-111,-19,997,-103,-6,986,47,-52
17,40,32,247,28,1,-109,-4,1000,-108,-13,989,-104,-11,983,-110,-14,989,-105,-20,994,-111,-5,983,-100,-5,1011,-111,-24,987,-107,-10,993,-104,0,991,-108,-12,986,-107,-22,987,-111,-15,990,-101,-31,991,-111,-15,997,-117,-14,995,-107,-13,999,-112,-4,983,-110,-13,990,-94,-17,997,-106,-20,995,-117,-12,996,-95,-11,995,-109,-27,988,-106,-7,996,-105,-24,997,-99,-12,997,-118,-15,1004,-114,-27,1003,-89,-10,1000,50,-53
17,40,36,247,28,1,-108,-13,993,-97,-21,994,-100,0,982,-106,-22,992,-106,-26,992,-109,-10,999,-115,-21,985,-103,-21,995,-109,-16,998,-107,-14,983,-117,-12,975,-108,-10,1003,-105,-13,986,-105,-15,989,-103,-16,994,-108,-13,994,-121,-13,996,-99,-6,979,-100,-8,982,-112,-15,989,-109,-18,995,-106,-9,989,-107,-14,1010,-96,-5,995,-115,-6,1000,-100,-11,982,-102,-18,1005,-98,-17,992,-110,-8,992,-97,-20,1000,53,-47
17,40,39,247,28,1,-110,-11,991,-102,-11,987,-107,-11,992,-106,-10,1003,-109,-25,990,-109,-19,991,-107,-18,992,-98,-20,995,-105,-8,995,-105,-7,989,-117,-2,987,-107,-25,1000,-105,-1,993,-105,-24,990,-93,-14,992,-121,-17,980,-109,-11,1002,-102,-20,1000,-96,-10,982,-106,-18,998,-111,-11,997,-97,-12,992,-104,-16,993,-100,-7,996,-112,1,1004,-113,-14,996,-102,-10,985,-112,-14,997,-98,-9,997,-109,-11,990,56,-52
17,40,42,247,28,1,-110,0,997,-101,-19,983,-115,-16,1007,-104,-10,989,-110,-14,996,-110,-7,996,-108,-18,1004,-111,-13,994,-107,-13,992,-111,-12,987,-108,-25,1003,-101,-15,991,-107,-21,999,-115,-18,997,-112,-6,999,-105,-21,994,-114,-14,992,-98,-14,999,-115,-2,999,-117,-13,1002,-102,-12,990,-111,-6,986,-105,-17,1004,-110,-13,1000,-116,-10,997,-105,-20,993,-105,-28,991,-116,-14,981,-104,-21,985,-110,-15,995,59,-52
17,40,45,247,28,1,-104,-14,990,-112,-3,997,-104,-10,993,-108,-12,992,-99,-9,987,-113,-18,993,-102,-3,986,-111,-11,995,-109,-12,1000,-112,-10,1009,-106,-6,996,-111,-16,991,-99,-8,998,-115,-18,995,-110,-15,985,-112,-17,990,-109,-6,985,-108,-8,1000,-103,-20,1007,-111,-5,988,-112,5,1003,-112,-13,1003,-115,-11,998,-102,-22,999,-115,-7,986,-110,-19,1001,-113,-3,995,-107,-15,987,-106,-8,1001,-104,-15,990,62,-49
17,40,48,247,28,1,-112,-13,991,-110,3,996,-103,-6,996,-115,-12,989,-106,-16,997,-118,-24,990,-119,-3,979,-109,-6,993,-108,-14,1008,-102,-19,996,-104,-12,1004,-114,-19,998,-98,-28,1001,-111,-11,993,-103,-23,991,-100,-3,998,-100,-10,984,-109,-1,997,-107,-17,991,-101,-17,989,-108,-2,991,-109,-20,1000,-102,-20,984,-111,-4,986,-104,-13,991,-113,-9,997,-109,-15,992,-110,-7,997,-104,-16,993,-105,-7,997,65,-48
17,40,51,248,28,1,-111,-21,994,-109,-12,990,-101,-12,985,-109,-7,990,-114,-15,995,-104,-20,996,-108,-17,994,-110,-8,993,-99,-18,992,-111,-25,991,-107,-17,995,-109,-14,997,-117,-10,989,-104,-15,1000,-102,-7,992,-114,-19,984,-114,-8,993,-98,-26,990,-114,-12,997,-112,-18,997,-102,-7,993,-99,-31,989,0,0,0,-108,-25,998,-106,-2,991,-115,-13,997,-116,-23,997,-110,-19,982,-116,-17,995,-104,-14,995,68,-52
17,40,54,248,28,1,-112,-7,993,-115,-9,999,-103,-4,1000,-107,-12,1010,-101,-12,987,-104,-10,994,-102,-20,985,-116,-11,989,-105,-11,985,-115,-6,995,-103,-2,991,-111,-14,996,-100,-19,986,-103,-19,988,-111,-7,990,-104,-21,1010,-106,-14,991,-117,-10,1004,-93,-20,992,-108,-11,991,-109,-19,995,-105,-13,995,-97,-15,995,-100,-20,980,-104,-25,981,-106,-7,985,-107,0,994,-119,-15,994,-115,-14,1003,-112,-18,992,71,-48
17,40,57,248,28,1,-104,-10,985,-104,-16,990,-112,-19,997,-100,-20,998,-101,-14,991,-110,-12,987,-105,-10,1009,-114,-13,999,-103,-12,996,-113,-1,989,-103,-12,981,-107,-17,993,-111,-10,995,-113,-13,998,-108,-21,986,-101,-11,999,-104,-11,991,-104,-19,998,-111,-16,997,-105,-6,994,-107,-20,993,-101,-16,995,-114,-5,993,-95,-13,1000,-103,-17,1006,-102,-10,991,-105,-23,992,-104,-20,1000,-117,-14,994,-102,-19,991,75,-52
17,41,0,248,28,1,-108,-2,1000,-106,-5,988,-114,-1,993,-100,-17,981,-104,-9,989,-106,-19,991,-98,-23,984,-108,-18,987,-101,-13,997,-110,-16,989,-102,-19,999,-110,1,1005,-113,-14,999,-113,-12,991,-112,-10,995,-106,-18,1003,-110,-10,1002,-101,-12,997,-109,-25,993,-108,-11,989,-97,-20,999,-99,-19,992,-119,-12,996,-109,-11,993,-102,-14,1000,-107,-7,1001,-109,-16,996,-111,-15,991,-106,-17,998,-102,-6,1002,78,-53
17,41,3,248,28,1,-105,-21,993,-119,-19,990,-93,-15,986,-108,-26,981,-101,-18,989,-113,-8,993,-101,-17,1004,-121,-10,997,-110,-12,995,-118,-17,983,-94,-12,1012,-109,-14,994,-107,-8,988,-104,-25,992,-100,-17,1003,-114,-8,998,-103,-27,996,-116,-2,993,-109,-18,997,-107,-10,994,-102,-16,990,-113,-15,991,-107,-9,998,-102,-9,991,-115,-12,999,-104,-9,994,-100,-15,989,-101,0,1006,-115,-11,991,-108,-15,988,81,-49
17,41,7,248,28,1,-94,-2,996,-106,-2,981,-110,-19,1002,-105,-13,988,-119,-11,995,-103,-15,990,-116,-8,998,-112,-10,991,-112,-9,1000,-116,-11,991,-101,-15,992,-103,-10,991,-108,-10,994,-105,-12,1007,-110,-20,1003,-112,-11,1003,-108,-19,997,-117,-13,987,-102,-17,993,-105,-17,997,-111,-19,995,-113,-9,994,-112,-8,992,-111,-17,999,-101,-8,999,-106,-17,994,-98,-9,997,-111,-17,984,-90,-10,994,-104,-20,993,84,-49
17,41,10,248,28,1,-97,-19,1000,-113,-7,995,-105,-12,995,-114,-16,1002,-110,-8,998,-114,-9,997,-108,-17,991,-116,-17,998,-101,-6,996,-102,-20,993,-105,-7,994,-107,-18,998,-96,-15,985,-108,-5,999,-92,-10,994,-106,-12,993,-109,-20,985,-119,-24,986,-104,-23,1001,-111,-17,984,-104,-15,988,-99,-13,990,-103,-16,986,-117,-30,995,-117,-19,980,-114,-19,996,-106,-19,988,-112,-10,993,-101,-12,1011,-101,-13,990,87,-48
17,41,13,248,28,1,-111,5,991,-110,-21,997,-111,-9,990,-117,-17,989,-106,-13,993,-106,-16,988,-108,-6,990,-120,-20,994,-108,-19,992,-101,-18,986,-98,-12,993,-105,-20,995,-112,-3,998,-114,-5,1002,-95,-7,995,-97,-18,998,-98,-10,994,-121,-13,991,-101,-14,1000,-106,-1,993,-97,-6,985,-103,-11,999,-109,-8,1017,-111,-20,988,-113,-16,1000,-98,-12,998,-105,0,999,-114,-15,988,-104,-13,978,-106,-7,986,90,-53
17,41,16,248,28,1,-101,-9,1000,-109,-9,992,-119,-21,984,-102,-19,995,-105,-20,979,-106,-5,992,-122,-22,983,-116,-16,992,-105,-5,1004,-106,-15,984,-114,-16,992,-87,-16,993,-95,-17,999,-107,-1,973,-118,-23,979,-105,-3,1004,-95,-1,995,-108,-22,986,-110,-8,996,-110,-19,993,-107,-10,985,-103,-4,999,-124,-15,998,-104,-22,1000,-109,-18,998,-103,-22,975,-111,-4,1012,-102,-12,995,-112,-5,1007,-104,-18,994,93,-53
17,41,19,248,28,1,-120,-21,985,-97,-3,997,-101,-22,994,-105,-16,990,-115,-3,967,-112,-15,991,-111,-30,979,-111,-13,1001,-103,-17,997,-110,-8,995,-113,-23,999,-109,-11,993,-109,-17,991,-101,0,994,-95,-5,997,-99,-19,987,-109,-12,985,-120,-1,1003,-104,-16,992,-115,-1,1004,-105,-13,992,-110,-13,991,-111,-8,987,-107,-6,998,-106,-31,984,-115,-12,990,-108,-10,997,-116,-15,999,-113,-7,1003,-108,-12,988,96,-49
17,41,22,247,28,1,-101,-4,988,-94,-19,987,-113,-9,986,-107,-11,994,-110,-3,1001,-104,-5,1002,-108,-2,987,-115,-20,992,-103,-14,979,-117,-11,987,-106,-12,993,-102,-2,996,0,0,0,-106,-15,994,-105,-5,996,-112,-6,994,-105,-9,994,-99,-8,1000,-97,-11,993,-116,-9,996,-117,-16,993,-106,-12,991,-107,-18,998,-110,-23,1007,-108,-7,991,-107,-15,984,-102,-4,992,-107,-17,988,-105,-10,995,-126,-18,994,99,-48
17,41,25,247,28,1,-111,-19,996,-110,-8,992,-109,-14,991,-92,-17,992,-104,-1,1000,-108,-18,985,-100,-11,993,-111,-7,982,-108,-12,984,-105,-5,982,-107,-20,991,-104,-9,993,-110,-11,997,-94,-16,1004,-113,-14,990,-113,-23,990,-110,-3,977,-107,-7,990,-107,-17,995,-105,-7,1001,-107,-23,1000,-109,-19,1001,-106,-18,990,-102,-15,994,-109,-12,1004,-112,-22,1005,-105,-7,997,-103,-11,986,-96,-18,991,-107,-10,1003,102,-48
17,41,28,247,28,1,-104,-8,1002,-104,-20,990,-112,-15,990,-96,-8,977,-120,0,994,-107,-24,998,-106,-25,995,-105,-19,991,-118,-12,987,-106,-17,1000,-90,-12,988,-110,-3,984,-100,-15,998,-103,-20,999,-105,-33,1001,-107,-12,994,-103,3,992,-106,-18,992,-110,-20,1000,-98,-15,992,-103,-8,995,-114,-9,987,-110,-14,984,-111,-13,987,-114,-11,999,-114,-18,987,-111,-13,1003,-104,-17,995,-113,-25,1000,-114,-13,1016,106,-52
17,41,31,247,28,1,-110,-25,991,-104,-11,992,-90,-7,994,-103,-26,994,-111,-5,990,-115,-17,998,-100,-4,988,-112,-20,989,-117,-11,986,-102,-10,990,-108,-18,996,-95,-26,986,-104,-6,994,-98,-17,999,-110,-14,990,-106,-14,990,-102,-18,988,-104,-20,996,-98,-14,993,-116,-10,998,-106,-7,990,-106,-7,986,-104,-14,997,-104,0,997,-107,-16,998,-98,-10,1003,-107,-12,982,-104,-10,979,-107,-18,996,-104,-12,993,109,-48
17,41,34,247,28,1,-105,-15,982,-104,-10,987,-110,-12,1001,-108,0,991,-106,-9,996,-112,-11,994,-110,-11,1000,-121,-21,1034,-107,-17,1003,-117,-25,995,-109,-17,1000,-112,-17,998,-98,-19,973,-104,-13,991,-123,-7,982,-109,-17,982,-105,-18,996,-102,-20,990,-106,-20,991,-108,-22,1003,-108,-14,981,-99,-21,994,-107,-16,992,-94,-21,999,-106,-15,989,-113,-7,991,-117,-6,999,-108,-16,990,-107,-12,994,-90,-19,996,112,-52
17,41,38,247,28,1,-104,-5,1000,-116,-22,985,-108,-12,998,-121,-6,998,-111,-12,990,-105,-15,1000,-101,-15,991,-115,-7,988,-98,-6,988,-105,-19,995,-114,-10,990,-95,0,994,-115,-8,992,-104,-10,995,-111,-24,985,-105,-13,990,-105,-12,1000,-118,-20,993,-109,-9,1000,-113,-14,983,-113,-22,995,-112,-19,996,-111,-21,993,-117,0,991,-98,-15,989,-99,-6,986,-98,-17,995,-122,-19,1001,-105,-26,981,-117,-20,996,115,-49
17,41,41,247,28,1,-107,-20,999,-106,-11,991,-107,-19,997,-107,-2,986,-102,-19,986,-107,1,983,-115,-15,998,-110,-4,980,-109,-16,1001,-97,0,997,-104,-19,987,-109,-4,988,-105,-14,986,-105,-10,991,-91,-10,989,-104,-12,988,-117,-10,997,-108,-23,993,-111,-10,994,-111,-3,979,-120,-12,980,-100,-9,994,-108,-32,991,-102,-13,993,-94,-19,998,-107,-14,1000,-105,-9,993,-112,-3,995,-109,-9,995,-114,-7,997,118,-52
17,41,44,247,28,1,-121,-19,996,-109,-1,988,-113,-4,995,-114,-11,996,-103,-20,991,-106,-13,984,-117,-10,1000,-104,-1,988,-101,-11,999,-104,-4,995,-108,-28,994,-106,-10,983,-102,-6,999,-103,-23,988,-106,-22,989,-115,-25,996,-106,-22,988,-115,-5,986,-107,-22,1000,-107,-10,983,-108,-15,997,-113,-19,989,-110,-11,996,-102,-14,992,-104,-5,990,-109,-3,1005,-99,-7,986,-110,-24,981,-104,-6,989,-109,-12,983,121,-49
17,41,47,247,28,1,-113,-22,994,-104,-17,993,-108,-9,989,-110,-19,979,-104,-24,988,-116,-7,993,-115,-12,982,-103,-11,991,-104,-13,993,-106,-17,1007,-104,-24,998,-99,-24,996,-99,0,1004,-104,-19,999,-99,-11,1000,-109,-2,995,-100,-20,985,-102,-14,981,-102,-13,1003,-111,-11,992,-104,-20,996,-111,-7,993,-115,-9,993,-104,-17,994,-101,-15,1002,-106,-11,1003,-111,-18,991,-92,-17,971,-97,-16,989,-88,-5,989,124,-48
17,41,50,247,28,1,-116,-23,997,-118,-9,994,-121,-13,998,-120,-20,990,-111,-2,995,-100,-16,998,-104,-11,994,-104,-8,987,-102,-12,986,-99,-16,985,-105,-12,1002,-100,-9,995,-108,-18,1000,-112,-17,988,-89,-13,990,-112,-15,993,-110,-18,998,-110,-19,993,-96,-16,995,-101,-1,997,-100,-16,984,-114,-16,993,-118,-24,993,-115,-11,987,-107,-20,993,-105,-18,993,-108,-13,997,-121,-12,1000,-100,-26,995,-116,0,988,127,-49
17,41,53,248,28,1,-107,-8,996,-115,-12,997,0,0,0,-118,-14,988,-107,-10,985,-99,-21,994,-98,-13,1002,-116,-5,984,-105,-16,1002,-105,-2,989,-109,-19,987,-102,-19,988,-110,-23,987,-107,1,986,-107,-21,986,-101,-21,999,-113,-20,994,-110,-20,998,-112,-18,988,-117,-16,993,-107,1,993,-110,-4,988,-115,-29,997,-105,-22,1001,-114,-26,994,-104,-19,997,-111,-21,1000,-107,-18,1003,-107,-21,997,-104,-3,1000,130,-52
17,41,56,248,28,1,-108,-11,994,-104,-11,998,-104,-10,991,-103,-24,991,-103,-17,994,-110,-25,998,-107,-13,985,-109,-5,986,-105,-15,995,-111,-17,986,-113,-4,1006,-111,-10,996,-101,-15,983,-94,-21,988,-121,-16,990,-108,-17,996,-117,-14,990,-114,-19,1000,-115,-18,989,-115,-2,995,-115,-20,997,-116,-1,994,-109,-19,994,-112,-17,1004,-116,-17,1001,-104,-20,994,-107,-14,1000,-116,-2,992,-100,-19,998,-108,-12,998,133,-49
17,41,59,248,28,1,-101,-15,996,-116,-6,994,-108,-6,994,-96,-20,990,-102,-15,982,-103,-12,987,-114,-11,994,-106,-18,1001,-105,-5,979,-101,-15,985,-108,-12,992,-107,-4,992,-111,-13,1005,-97,-3,982,-102,-13,986,-103,-7,995,-107,-15,985,-118,-17,986,-106,-8,976,-115,-16,987,-100,-10,993,-106,-5,988,-104,-8,1002,-122,-13,990,-107,-3,979,-109,1,992,-104,-10,1002,-114,-15,993,-114,-13,997,-110,-24,988,137,-52
17,42,2,248,28,1,-101,-9,992,-101,-27,998,-101,-19,994,-100,-7,981,-109,-18,996,-100,-13,985,-106,-8,999,-113,-2,994,-105,2,994,-107,-17,1007,-117,-13,1001,-105,-19,983,-123,-16,989,-102,-2,994,-99,-8,996,-109,-10,994,-114,-10,989,-95,-17,1000,-99,-16,1000,-114,-16,986,-110,-18,990,-101,1,986,-102,-3,993,-113,-9,994,-107,-2,996,-109,-18,1005,-108,-18,989,-113,-8,995,-94,-14,1001,-109,-12,986,140,-49
17,42,5,248,28,1,-112,-20,993,-108,-26,992,-114,-1,995,-98,-8,1000,-98,-9,998,-107,-7,990,-113,-5,995,-106,-13,994,-93,-19,986,-104,-14,985,-105,-29,990,-98,-24,990,-114,-18,989,-103,-11,1002,-116,-15,1011,-105,-5,989,-104,-19,989,-106,-10,993,-103,-8,984,-111,-11,994,-111,-13,994,-98,-5,993,-116,-10,995,-98,-6,1000,-100,-10,999,-107,-16,984,-110,-13,1004,-107,-21,992,-113,-14,989,-111,-20,999,143,-49
17,42,9,248,28,1,-107,-14,1003,-103,-17,1000,-110,-5,996,-106,-5,993,-98,-8,991,-110,-20,995,-104,-16,989,-121,-4,1002,-101,-19,991,-110,0,999,-109,-6,990,-102,-17,1000,-101,-9,1000,-114,-6,979,-110,-4,983,-93,-16,992,-104,-18,989,-101,-13,1008,-108,-10,1004,-107,-6,983,-103,-14,1000,-115,-10,1000,-113,-4,998,-115,-25,996,-106,-9,990,-108,-6,992,-105,-11,989,-105,-15,1003,-115,-13,994,-100,-5,988,146,-49
17,42,12,248,28,1,-100,-21,997,-102,-10,989,-104,-10,982,-110,-4,1000,-114,-25,990,-112,-16,986,-108,-29,991,-113,-20,979,-103,-21,990,-106,0,999,-104,-8,990,-103,-19,991,-116,4,985,-110,-21,984,-105,-14,991,-102,-1,998,-95,-8,1005,-107,-16,1005,-102,-14,994,-107,-13,993,-107,-20,999,-105,-4,994,-105,-8,984,-103,-12,998,-106,-20,994,-103,-21,995,-102,-14,989,-117,-8,997,-106,-20,994,-107,-13,1002,149,-52
17,42,15,248,28,1,-100,-17,1010,-106,-15,997,-114,-2,996,-107,-10,998,-107,-15,988,-101,-19,999,-104,-13,1000,-113,-14,999,-107,-10,984,-112,-22,1001,-106,-20,987,-103,-11,1003,-105,-16,999,-105,-5,986,-107,-13,998,-113,-19,992,-109,-16,996,-114,-11,1001,-104,-7,996,-101,-4,998,-113,-10,990,-112,-20,995,-108,-8,997,-103,-15,990,-116,-10,991,-113,-9,1000,-107,-20,1000,-106,-19,993,-104,-10,987,-107,-14,985,152,-52
17,42,18,248,28,1,-108,-17,999,-109,-19,991,-100,-6,997,-109,-21,988,-109,-11,982,-112,-16,994,-111,-10,1007,-116,-9,998,-105,-12,989,-106,-11,989,-112,-15,983,-115,-4,987,-112,-22,987,-108,0,995,-109,-11,1000,-114,-17,996,-101,-24,987,-108,-9,1000,-106,-5,1003,-106,-22,992,-108,-19,1000,-105,-6,993,-121,-8,1000,-108,-20,1002,-107,-12,989,-111,-13,990,-100,-2,1001,-110,-12,997,-107,-12,1008,-95,-11,994,155,-49
17,42,21,247,28,1,-103,-27,995,-107,-27,976,-92,-8,1002,-113,-15,994,-117,-20,991,-98,-17,995,-106,-20,1000,-110,-22,983,-116,-12,998,-104,-6,978,-107,-10,994,-111,-11,988,-110,-20,994,-107,-17,1005,-105,-8,996,-108,-12,989,-110,-12,995,-109,-7,992,-105,-12,992,-104,-5,1001,-90,-13,997,-102,-3,1011,-113,-9,990,0,0,0,-101,-14,988,-115,-27,1004,-107,-15,990,-121,-17,990,-101,-3,995,-108,-13,987,158,-48
17,42,24,247,28,1,-108,-14,997,-100,-8,986,-119,-8,997,-111,-5,988,-105,-18,995,-96,-15,1015,-106,-8,987,-102,-13,983,-110,-15,996,-119,-13,992,-94,-6,1005,-101,-31,988,-101,-11,1005,-116,-3,988,-101,-15,990,-113,-10,999,-103,-25,992,-104,-11,1009,-107,-6,1000,-112,-15,988,-111,-20,998,-105,-19,995,-106,-20,984,-113,-18,993,-105,-3,996,-112,-6,998,-109,-6,990,-112,-9,991,-107,-17,1003,-117,-11,983,161,-52
17,42,27,247,28,1,-102,-19,985,-105,2,991,-104,-15,991,-104,-11,997,-96,-18,1012,-101,-7,990,-108,-18,984,-105,-13,1002,-105,-8,992,-104,-4,983,-105,-6,995,-106,-21,1009,-101,-25,995,-104,-19,994,-116,-16,993,-113,-16,994,-109,-8,992,-106,-18,1003,-107,-8,974,-104,-12,991,-105,-15,986,-105,-12,991,-101,-13,989,-98,-20,985,-105,-13,996,-99,-10,1002,-107,-16,976,-117,-11,978,-95,-7,981,-105,-6,999,164,-52
17,42,30,247,28,1,-109,-20,993,-101,-19,975,-104,-15,990,-106,-20,994,-100,-20,991,-117,-7,996,-103,-9,988,-100,-8,995,-108,-12,987,-109,-8,985,-110,-9,997,-104,-20,991,-108,-1,991,-93,-3,1000,-104,-2,990,-105,-22,993,-104,-14,986,-105,-10,1003,-107,-20,982,-104,-4,1000,-111,-16,1000,-98,-11,999,-96,-13,996,-117,-3,1000,-100,-20,999,-107,-15,1004,-116,-19,991,-119,-13,1004,-104,-20,993,-114,-13,1000,168,-48
17,42,33,247,28,1,-102,-11,1009,-105,-20,1015,-99,-29,1006,-103,-23,993,-100,-11,998,-130,-11,1000,-100,-13,989,-97,-21,1005,-107,-13,990,-104,-20,997,-107,-21,992,-106,-3,994,-105,-12,996,-114,-24,1005,-103,-7,990,-109,-12,995,-98,-26,991,-108,-20,981,-106,-8,1012,-104,-8,997,-108,-18,988,-113,-4,994,-112,-9,981,-97,-9,993,-105,-14,982,-94,-3,989,-103,-5,995,-101,-27,991,-120,-10,993,-107,-9,997,171,-49
17,42,36,247,28,1,-112,-14,990,-108,-16,996,-101,-14,988,-112,0,997,-104,-16,999,-108,-5,995,-107,-19,997,-104,-13,1003,-101,-10,994,-108,-17,997,-117,-12,998,-110,-14,981,-104,-14,997,-110,-20,1005,-121,-25,994,-95,-7,987,-113,-14,979,-109,-15,994,-112,-16,988,-105,-17,985,-111,0,1001,-108,-12,975,-109,-15,991,-112,-3,997,-115,-1,998,-114,9,998,-101,-10,993,-120,-16,991,-108,-6,991,-105,-11,1000,174,-49
17,42,40,247,28,1,-113,-10,993,-108,-9,989,-108,0,995,-109,-10,991,-111,-13,1000,-112,-10,987,-97,-11,983,-99,-9,1002,-125,-22,1001,-103,-4,994,-102,-23,991,-102,-5,997,-118,-11,998,-100,-23,999,-103,-9,989,-97,-14,1010,-107,-10,998,-91,-17,994,-103,-16,993,-106,-8,988,-111,-13,998,-108,-16,995,-108,-15,992,-103,-6,987,-123,-2,985,-103,-22,989,-107,-26,995,-114,-10,993,-103,-15,994,-101,-22,997,177,-49
17,42,43,247,28,1,-104,-15,995,-110,-20,998,-105,-19,1000,-107,-8,990,-113,-10,992,-109,-21,994,-108,-25,986,-111,-8,991,-114,-10,1000,-101,-5,993,-105,-15,987,-108,-10,998,-90,-14,1008,-113,-22,997,-99,-10,994,-99,-15,993,-107,-12,996,-104,-11,1000,-97,-13,982,-104,-15,996,-97,-22,1000,-109,-21,994,-109,-20,997,-104,-21,995,-105,-7,998,-101,-7,988,-104,-2,999,-108,-20,977,-108,-11,989,-109,-24,993,180,-49
17,42,46,247,28,1,-97,-8,1002,-105,-12,981,-103,-16,991,-108,-17,996,-97,-18,994,-107,-4,999,-102,-12,989,-105,-13,996,-114,-17,1000,-102,-14,995,-96,-16,994,-109,-15,1002,-116,-18,985,-113,-11,989,-107,0,995,-95,-14,991,-114,-1,1005,-104,-20,1005,-107,-14,991,-106,-18,992,-98,-8,994,-108,-8,988,-112,-10,990,-109,-13,1001,-109,-5,991,-103,-17,996,-110,-14,997,-104,-8,985,-116,-12,994,-106,-13,990,183,-48
17,42,49,247,28,1,-114,-11,995,-111,-29,990,-110,2,982,-108,-4,987,-107,-4,987,-98,0,986,-112,-22,987,-103,-13,1000,-91,-16,987,-103,-7,999,-106,-13,998,-98,-8,995,-91,-23,1003,-105,-8,998,-114,-18,1002,-117,-14,990,-109,-25,1000,-104,-17,1000,-106,-17,988,-99,-4,1006,-103,-4,991,-111,-16,989,-108,-13,996,-116,-17,999,-114,-9,995,-94,-14,980,-104,-21,995,-107,-11,988,-102,-17,1000,-102,-3,997,186,-47
17,42,52,247,28,1,-109,-6,996,-107,-17,986,-102,-8,998,-103,-11,997,-106,-10,982,-104,-6,993,-101,-13,988,-108,-7,993,-98,-9,995,-104,-14,1003,-103,-17,984,-106,-16,991,-104,-9,998,0,0,0,-106,-14,991,-110,-22,1007,-103,-12,988,-104,-20,997,-103,-10,988,-114,0,1007,-102,-8,993,-98,-14,1000,-96,-13,995,-106,-7,1006,-107,-9,989,-106,-10,1000,-116,-8,988,-106,-9,983,-104,-12,989,-101,-2,998,189,-48
17,42,55,247,28,1,-104,-23,992,-98,-8,985,-119,-6,993,-111,-4,996,-108,-14,994,-109,-17,985,-107,-6,989,-104,-5,1002,-100,-10,997,-105,-6,998,-107,-8,992,-102,-13,988,-105,-8,995,-102,-16,1000,-110,-18,997,-98,-8,994,-106,-16,995,-110,-19,983,-95,-6,998,-111,-8,990,-112,-14,988,-126,-14,990,-108,-21,994,-101,-19,999,-98,-21,1000,-109,-11,980,-105,-15,990,-93,-12,983,-105,-22,994,-105,-20,992,192,-52
17,42,58,247,28,1,-108,-12,996,-95,-16,995,-111,-11,989,-104,-20,979,-87,-17,984,-103,-7,999,-113,-19,993,-110,-22,990,-117,-7,1001,-118,-21,996,-113,-10,993,-109,-18,1002,-101,-20,1004,-104,-9,995,-123,-15,991,-103,-17,982,-109,-22,968,-104,-13,991,-101,-9,990,-117,-11,989,-112,-23,1001,-108,-23,993,-104,-16,1003,-105,-4,983,-115,-20,986,-105,-9,1007,-108,-6,995,-99,-5,1009,-106,-21,993,-114,-15,989,195,-49
17,43,1,247,28,1,-122,-14,980,-101,-1,996,-116,0,993,-104,-8,998,-113,-5,993,-101,-6,987,-116,-17,999,-116,-19,995,-98,-7,994,-91,-20,999,-109,-19,981,-103,-6,986,-110,-8,990,-106,-7,985,-118,-8,994,-104,-10,991,-104,-12,1000,-114,-12,987,-109,-12,996,-106,-7,987,-113,-24,996,-103,-8,995,-118,-15,988,-111,-7,1002,-109,-12,991,-104,-22,996,-114,-15,987,-104,-16,981,-107,-18,996,-116,-6,989,199,-48
17,43,4,247,28,1,-105,-20,998,-104,-10,992,-104,-11,999,-99,-15,988,-110,-24,993,-114,-15,1000,-110,-21,1000,-103,-17,995,-108,-18,988,-112,-20,1001,-93,-11,1000,-98,-17,1009,-107,-13,993,-114,-5,992,-109,-11,999,-99,-16,995,-99,-24,994,-109,0,991,-109,-12,994,-92,-2,991,-121,-6,999,-109,3,994,-113,-8,1002,-106,-3,987,-105,-13,990,-103,-9,990,-105,-16,997,-117,-20,997,-106,-14,988,-110,-10,1001,202,-49
17,43,7,247,28,1,-109,-5,994,-121,-22,997,-105,-20,999,-106,-17,990,-109,-31,994,-101,-11,993,-103,-22,1001,-104,-17,994,-106,-7,995,-121,-11,985,-107,0,993,-101,-9,1002,-108,-7,981,-113,-14,999,-116,-12,993,-102,-20,993,-107,-15,996,-99,-8,983,-116,-5,994,-108,-10,989,-106,-20,993,-118,-11,994,-118,-16,993,-107,-16,1000,-108,-25,992,-108,-3,990,-103,-15,983,-119,-19,989,-103,-5,982,-107,-15,996,205,-48
